{"cameraMode":{"drawMode":0,"name":"Shaded","section":"Shading Mode"},"sceneLighting":true,"audioPlay":false,"sceneViewState":{"showFog":true,"showMaterialUpdate":false,"showSkybox":true,"showFlares":true,"showImageEffects":true,"showParticleSystems":true,"showVisualEffectGraphs":true,"m_FxEnabled":true},"in2DMode":false,"pivot":{"x":-0.2995683252811432,"y":1.8889153003692628,"z":1.030808925628662},"rotation":{"x":0.20926737785339356,"y":0.025910058990120889,"z":-0.005546600557863712,"w":0.9775075316429138},"size":12.895123481750489,"orthographic":false}